[
    {
        "id": 1,
        "name": "Imperial 21k Gold Bangle Set",
        "isDynamic": true,
        "category": "bangles",
        "karat": 21,
        "weight": 45.0,
        "marginPercent": 15,
        "laborPerGram": 8.0,
        "itemNo": "BG-1001",
        "color": "Yellow Gold",
        "image": "assets/product_bangle_1.png",
        "description": "Exquisite traditional bangle set featuring intricate Middle Eastern craftsmanship.",
        "featured": true
    },
    {
        "id": 2,
        "name": "Royal Heritage Necklace",
        "isDynamic": true,
        "category": "chains",
        "karat": 21,
        "weight": 60.0,
        "marginPercent": 18,
        "laborPerGram": 6.0,
        "itemNo": "NC-2001",
        "color": "Yellow Gold",
        "image": "assets/product_necklace_1.png",
        "description": "Statement necklace with classic design. Heavy weight construction for lasting beauty.",
        "featured": true
    },
    {
        "id": 5,
        "name": "Filigree Gold Earrings",
        "isDynamic": true,
        "category": "earrings",
        "karat": 21,
        "weight": 12.0,
        "marginPercent": 25,
        "laborPerGram": 12.0,
        "itemNo": "ER-5001",
        "color": "Yellow Gold",
        "image": "assets/product_earrings_1.png",
        "description": "Delicate filigree work showcasing traditional artisan techniques.",
        "featured": false
    },
    {
        "id": 6,
        "name": "Luxury Layered Chain",
        "isDynamic": true,
        "category": "chains",
        "karat": 21,
        "weight": 28.0,
        "marginPercent": 20,
        "laborPerGram": 8.0,
        "itemNo": "CH-6001",
        "color": "Yellow Gold",
        "image": "assets/product_chain_2.png",
        "description": "Multi-layered chain design with elegant drape.",
        "featured": false
    },
    {
        "id": 3,
        "name": "Custom Arabic Nameplate",
        "isDynamic": false,
        "fixedPrice": 450.00,
        "category": "custom",
        "karat": 18,
        "weight": "Varies",
        "itemNo": "NP-3001",
        "color": "Yellow Gold",
        "image": "assets/product_custom_1.png",
        "description": "Personalized nameplate in elegant Arabic calligraphy. Price varies based on length.",
        "featured": true
    },
    {
        "id": 4,
        "name": "Diamond Solitaire Ring",
        "isDynamic": true,
        "category": "rings",
        "karat": 18,
        "weight": 5.0,
        "marginPercent": 40,
        "laborPerGram": 50.0,
        "itemNo": "RG-4001",
        "color": "Yellow Gold, White Diamond",
        "image": "assets/product_ring_1.png",
        "description": "Classic engagement ring featuring a brilliant-cut diamond.",
        "featured": true
    },
    {
        "id": 7,
        "name": "Classic Men's Signet Ring",
        "isDynamic": true,
        "category": "mens",
        "karat": 18,
        "weight": 15.0,
        "marginPercent": 25,
        "laborPerGram": 10.0,
        "itemNo": "MR-7001",
        "color": "Yellow Gold",
        "image": "assets/cat_rings.png",
        "description": "Bold signet ring designed for the modern gentleman.",
        "featured": false
    },
    {
        "id": 8,
        "name": "White Gold Diamond Studs",
        "isDynamic": true,
        "category": "white-gold",
        "karat": 18,
        "weight": 3.0,
        "marginPercent": 45,
        "laborPerGram": 40.0,
        "itemNo": "WE-8001",
        "color": "White Gold, White Diamonds",
        "image": "assets/product_earrings_1.png",
        "description": "Elegant diamond studs in lustrous white gold.",
        "featured": false
    },
    {
        "id": 10,
        "name": "24k Gold Bullion Coin (1 oz)",
        "isDynamic": true,
        "category": "coins-bullions",
        "karat": 24,
        "weight": 31.1,
        "marginPercent": 3,
        "laborPerGram": 0.0,
        "itemNo": "CN-1001",
        "color": "Yellow Gold",
        "image": "assets/cat_custom.png",
        "description": "Pure 24k gold bullion coin, 1 ounce. Investment grade.",
        "featured": true
    },
    {
        "id": 11,
        "name": "22k Gold Coin (8g)",
        "isDynamic": true,
        "category": "coins-bullions",
        "karat": 22,
        "weight": 8.0,
        "marginPercent": 5,
        "laborPerGram": 5.0,
        "itemNo": "CN-2201",
        "color": "Yellow Gold",
        "image": "assets/cat_custom.png",
        "description": "Classic 22k gold coin, perfect for gifting or investment.",
        "featured": false
    },
    {
        "id": 12,
        "name": "21k Gold Coin (7g)",
        "isDynamic": true,
        "category": "coins-bullions",
        "karat": 21,
        "weight": 7.0,
        "marginPercent": 5,
        "laborPerGram": 5.0,
        "itemNo": "CN-2101",
        "color": "Yellow Gold",
        "image": "assets/cat_custom.png",
        "description": "Traditional 21k gold coin, highly durable and valuable.",
        "featured": false
    }
]